{"count":1,"self":1492.7760383999998,"total":3730.2930839,"children":{"InitializeActuators":{"count":64,"self":0.0005095,"total":0.0005095,"children":null},"InitializeSensors":{"count":64,"self":0.001014,"total":0.001014,"children":null},"AgentSendState":{"count":1578412,"self":189.29359359999998,"total":233.23078199999998,"children":{"CollectObservations":{"count":5050944,"self":3.5652776,"total":3.5652776,"children":null},"WriteActionMask":{"count":5050944,"self":0.38365099999999996,"total":0.38365099999999996,"children":null},"RequestDecision":{"count":5050944,"self":3.1805762,"total":39.9882552,"children":{"AgentInfo.ToProto":{"count":5046368,"self":2.3528971999999997,"total":36.807679,"children":{"GenerateSensorData":{"count":5046368,"self":29.5612256,"total":34.4547818,"children":{"RayPerceptionSensor.Perceive":{"count":5046368,"self":4.8935547999999995,"total":4.8935549,"children":null}}}}}}}}},"DecideAction":{"count":1578412,"self":1968.0737279999998,"total":1968.0813082,"children":{"RayPerceptionSensor.Perceive":{"count":4576,"self":0.0075342,"total":0.0075342,"children":null}}},"AgentAct":{"count":1578412,"self":36.14616,"total":36.2034705,"children":{"AgentInfo.ToProto":{"count":5859,"self":0.0014996,"total":0.0573095,"children":{"GenerateSensorData":{"count":5859,"self":0.0495108,"total":0.055809899999999996,"children":{"RayPerceptionSensor.Perceive":{"count":5859,"self":0.0062990999999999993,"total":0.0062990999999999993,"children":null}}}}}}}},"gauges":{"CarDriver.CumulativeReward":{"count":5859,"max":782.2731,"min":-1,"runningAverage":185.104828,"value":245.126343,"weightedAverage":233.277145}},"metadata":{"timer_format_version":"0.1.0","start_time_seconds":"1766982195","unity_version":"6000.2.13f1","command_line_arguments":"C:\\Program Files\\Unity\\Hub\\Editor\\6000.2.13f1\\Editor\\Unity.exe -projectpath C:\\Users\\user\\Final Tuning\\Final Tuning -acceptSoftwareTermsForThisRunOnly -useHub -hubIPC -cloudEnvironment production -licensingIpc LicenseClient-user -hubSessionId 8d014940-815e-41af-9f6c-20d213686fad -accessToken n6g9rrIDa4vKXw4E5aPP47pteZrBAMI5T3n5BJa-YfE00df","communication_protocol_version":"1.5.0","com.unity.ml-agents_version":"2.0.2","scene_name":"Learning","end_time_seconds":"1766985926"}}